Playlist ID,Add new videos to top,Playlist Description (Original),Playlist Image 1 Create Timestamp,Playlist Image 1 URL,Playlist Image 1 Height,Playlist Image 1 Width,Playlist Image 2 Create Timestamp,Playlist Image 2 URL,Playlist Image 2 Height,Playlist Image 2 Width,Playlist Image 3 Create Timestamp,Playlist Image 3 URL,Playlist Image 3 Height,Playlist Image 3 Width,Playlist Title (Original),Playlist Title (Original) Language,Playlist Create Timestamp,Playlist Update Timestamp,Playlist Video Order,Playlist Visibility
PLySUM1yT91fy-uVk7YHjVfSXlJVo3tTH6,False,,2025-09-02T14:01:24.471604135+00:00,https://yt3.googleusercontent.com/_KXeaaI_WjdWwUcN83BbVY7JsafeMIRiFBciEK0vYQhsrHFB2PAScYbZENosyw3OKCftpMH-LdRl,1000,1000,2025-09-18T14:16:22.34941825+00:00,https://yt3.googleusercontent.com/5FwdRbux6BVzcEEHWURNkcu8BoqgGBNSgR7WUYwXDhjJUPB6dn_77irqDWD2JZXflnG_KYczqrc,1000,1000,,,,,MEHFIL,,2025-08-17T15:51:45+00:00,2025-09-18T14:16:22+00:00,Manual,Public
PLySUM1yT91fwGOL--6cOx_ZPnT_yzH3_D,False,,,,,,,,,,,,,,Revision,,2025-07-06T18:21:36+00:00,2025-07-06T18:21:53+00:00,Manual,Private
PLySUM1yT91fyqzand-FbUWl4FOS7bqicz,False,,,,,,,,,,,,,,backlog,,2025-07-03T09:16:31+00:00,2025-07-10T17:33:42+00:00,Manual,Private
PLySUM1yT91fxv3KRGbLYTeHFl1lmfHbR-,False,,,,,,,,,,,,,,Units and dimensions,,2025-05-19T07:35:07+00:00,2025-05-19T07:38:45+00:00,Manual,Private
PLySUM1yT91fwJQlYvvcfB2UhrRStxpVsv,False,,,,,,,,,,,,,,class 10,,2025-04-29T08:28:13+00:00,2025-05-08T04:36:59+00:00,Manual,Private
PLySUM1yT91fwxCgBqcda8tHKn6ltzVXY2,False,,,,,,,,,,,,,,jee physics,,2025-04-27T15:04:26+00:00,2025-04-27T15:04:26+00:00,Manual,Private
PLySUM1yT91fyanSYotU1noi3zzgJLPUx1,False,,,,,,,,,,,,,,Mat,,2025-04-03T13:47:08+00:00,2025-04-03T13:47:25+00:00,Manual,Private
PLySUM1yT91fyCMvpZf__9f_yw9KyPpsq5,False,Layover on the floor 🕺🏻,2025-03-02T19:43:52.740462055+00:00,,1024,1024,2025-03-02T19:42:51.391912406+00:00,https://yt3.googleusercontent.com/OHg1_lYIXtU6HSC0Wa08t9HIREEdbdu1qCQ8FI1-9a1ObmJM9XvU4rvfMxdZ5CMmv8x_HBeV-aE,1000,1000,2025-03-02T19:42:56.956766234+00:00,https://yt3.googleusercontent.com/eEG_Pfeeo0G_jv81ZFt3lyn5VetECpsJz3TBT7UgPpxjVcLFkOXBoXvJfe-SMG3mXlq90rCL9dI,1000,1000,MAHUAL,,2025-03-02T19:42:24+00:00,2025-04-30T03:26:49+00:00,Manual,Public
PLySUM1yT91fxqkmfrDcwkd9qZDp3H4iuf,False,,2024-12-17T11:34:10.209417033+00:00,https://yt3.googleusercontent.com/-C4ECaKFnDy7bciZEdDqPDUDpr81ri5T-JP_daXHzzmIaIvRFe6isLfK7GFJmz6tKWRvZmnmhDk,1000,1000,2024-12-17T11:34:45.585412185+00:00,https://yt3.googleusercontent.com/i9dDc22-tBvsbIAQTENoONjTX4ncUDWL6HWK035KuknVW51uRggZ4_X6k6hCD74viPMEiy7v_Q,1000,1000,,,,,asthetic ka 14,,2024-12-17T11:27:25+00:00,2025-09-02T14:01:23+00:00,Manual,Public
PLySUM1yT91fwE6ju-6isLeABmbBzlWLHw,False,,2024-11-26T10:39:45.585058432+00:00,,1024,1024,2025-08-31T16:55:56.661170932+00:00,https://yt3.googleusercontent.com/VXXbCiU6l5ksQOY4QYTw8TsIAYAo_tDYwJzwLJCRTeJG_RqnH4S_SeB0LPKtE9k9UeaBYLmCOg,1000,1000,2025-05-31T00:18:39.57269902+00:00,https://yt3.googleusercontent.com/7XFQ5wFhdOI2KQBKJOb14nCTmLhwjOaa8IPNM9YeGNvAqX9nW1Md8LGr6Kqhq_0l73gJEwgo-ZE,1000,1000,GYM PHONK,,2024-11-26T10:33:32+00:00,2025-08-31T16:55:56+00:00,Manual,Public
PLySUM1yT91fytlkfSWYW7yEum0TQ41djd,False,,2025-02-05T04:49:04.814090424+00:00,,1024,1024,2025-04-15T04:33:36.571922757+00:00,https://yt3.googleusercontent.com/DBOjrRRDdGm9gWtuiwAGLUWiyQkzKCBfL0ufkJLdqbKHoGetPOanLA75drIxTER73dOboCD5s2w,1000,1000,2025-03-06T09:53:16.347866031+00:00,https://yt3.googleusercontent.com/6qpDw2vSDrrMS9ltUB2nGxdAzb3r_49CjT316dzSLmrS3V59WmI3gSVyjbgBXsB7lEPzI-F4EQ,1000,1000,CRUISE CONTROL,,2024-11-26T02:57:25+00:00,2025-09-06T08:53:27+00:00,Manual,Public
PLySUM1yT91fxGN428WQarpPsQW5439U3H,False,,,,,,,,,,,,,,Episodes for Later,en_US,2024-11-25T12:30:40+00:00,2024-11-25T12:31:38+00:00,Manual,Private
PLySUM1yT91fw8C00k9YfiHkpN0cd2_Yok,False,,,,,,,,,,,,,,Bhajan,,2021-12-19T04:13:42+00:00,2024-02-29T21:11:26+00:00,Manual,Private
PLySUM1yT91fyS3z97ech7YJgkX_onWJ4b,False,,,,,,,,,,,,,,Best videos,,2021-05-16T08:53:01+00:00,2022-04-07T08:43:10+00:00,Manual,Public
PLySUM1yT91fx-4vKu6tDx5TYPtl3w-Gl7,True,,,,,,,,,,,,,,Watch later,en_US,2020-03-12T03:56:12+00:00,2025-08-25T09:07:30+00:00,Manual,Private





